video_id,title,channel,views,likes,published_at
wRnIkjQ0hzc,Coulda Been Records BALTIMORE Auditions hosted by Druski,Druski,2119952,57996,2025-05-09T01:00:07Z
-QwXokuIZjM,Peacemaker Season 2 | Official Teaser | Max,Max,1938447,99906,2025-05-09T16:05:08Z
Xi6-XZvtQ6M,Cheap vs. Expensive Drift Truck,CboysTV,1854864,63385,2025-05-09T01:00:33Z
Wfg-CF6dTHg,"John Cena Attacks Randy Orton's Family, Career | FULL SEGMENT | WWE SmackDown 5/9/25 | WWE on USA",WWE on USA,454645,12150,2025-05-10T03:08:55Z
gRCsc8bRvAM,How Big Can Hulk Get?,EYstreem,437589,7245,2025-05-10T02:00:40Z
FSAz556s0fM,The Conjuring: Last Rites | Official Teaser,Warner Bros.,11703902,234727,2025-05-08T16:00:19Z
tibdNnTmM5Y,"Taskmaster Season 19, Episode 2 - 'An invisible jump rope.' | Full Episode",Taskmaster,428578,14301,2025-05-09T20:00:06Z
1CTcdjQ-9j8,Kocky Ka - Dark Nights (Remix) Feat Meek Mill & Fridayy (Official Music Video),Kocky Ka,172881,15276,2025-05-09T16:00:06Z
zgSM_hTyru0,How I Became A Pro Bodybuilder,Will Tennyson,1522858,133273,2025-05-09T14:37:29Z
CiDqNRdxTO0,Bowling Ball Vs 700kmh Helicopter Blades! Who Wins,How Ridiculous,601287,23414,2025-05-09T21:00:19Z
4sftmD-G3II,How GTA 6 REALLY got their graphics that good,RDCworld1,375869,55521,2025-05-10T02:13:22Z
qXOGP9pr-Ik,"Pope Leo XIV's brothers describe growing up with new pontiff, his path to papacy",CBS News,379830,6248,2025-05-09T21:17:14Z
odPghP1M7MU,LIVE: Robert Prevost named Pope Leo XIV,Associated Press,2847793,18999,2025-05-08T19:42:59Z
8P5VxMc1TOY,Trailblazer (Live From The 60th Academy of Country Music Awards),RebaMcEntireVEVO,112167,3997,2025-05-09T20:28:02Z
cRm7MpDorEw,100 Ways to KILL DOEY with LEGO,Mr. Bricks,91326,812,2025-05-10T10:45:07Z
40fSnMafDn4,NRL Match Highlights 2025 | Rabbitohs v Broncos | Round 10,NRL - National Rugby League,196956,2470,2025-05-09T12:01:39Z
fIIq4QjuiLY,"Miranda Lambert & Ella Langley perform ""Kerosene"" at the ACM Awards",Miranda Lambert,77201,917,2025-05-10T05:23:02Z
hrmatYnrrRs,I Helped a Streamer Get Fit For His Wedding,Browney,890539,29687,2025-05-09T15:01:14Z
B4SF7v2bO2E,How the Jaxson Dart Trade Went Down | Giants Life: 2025 NFL Draft (Part 2),New York Giants,135310,3844,2025-05-09T14:00:06Z
aQxoIKnQs-I,Is Squad saved?! ðŸ¥¹ (FULL STORY),Squad Busters,698233,23613,2025-05-09T13:42:38Z
